{
  "spread": 2,
  "min_dist": 0.5,
  "a": 0.25887568954549844,
  "b": 1.0575045487556278,
  "a_bits": "0x3fd0916b5714f38c",
  "b_bits": "0x3ff0eb89e3c46d32"
}
