{
  "spread": 1,
  "min_dist": 0.10000000000000001,
  "a": 1.5769285865823632,
  "b": 0.89505482690375926,
  "a_bits": "0x3ff93b197837fae6",
  "b_bits": "0x3feca44a0535b6fc"
}
